{
	"partitions" : [
		{
			"name" : "Top",
			"pins" : [
				{
					"name" : "f[0]",
					"strict" : false
				},
				{
					"name" : "f[1]",
					"strict" : false
				},
				{
					"name" : "f[2]",
					"strict" : false
				},
				{
					"name" : "f[3]",
					"strict" : false
				},
				{
					"name" : "f[4]",
					"strict" : false
				},
				{
					"name" : "f[5]",
					"strict" : false
				},
				{
					"name" : "f[6]",
					"strict" : false
				},
				{
					"name" : "f[7]",
					"strict" : false
				},
				{
					"name" : "f[8]",
					"strict" : false
				},
				{
					"name" : "f[9]",
					"strict" : false
				},
				{
					"name" : "f[10]",
					"strict" : false
				},
				{
					"name" : "f[11]",
					"strict" : false
				},
				{
					"name" : "f[12]",
					"strict" : false
				},
				{
					"name" : "f[13]",
					"strict" : false
				},
				{
					"name" : "f[14]",
					"strict" : false
				},
				{
					"name" : "f[15]",
					"strict" : false
				},
				{
					"name" : "shift",
					"strict" : false
				},
				{
					"name" : "A[14]",
					"strict" : false
				},
				{
					"name" : "A[1]",
					"strict" : false
				},
				{
					"name" : "A[13]",
					"strict" : false
				},
				{
					"name" : "A[2]",
					"strict" : false
				},
				{
					"name" : "right",
					"strict" : false
				},
				{
					"name" : "cnt[0]",
					"strict" : false
				},
				{
					"name" : "arith",
					"strict" : false
				},
				{
					"name" : "A[15]",
					"strict" : false
				},
				{
					"name" : "cnt[1]",
					"strict" : false
				},
				{
					"name" : "cnt[2]",
					"strict" : false
				},
				{
					"name" : "A[0]",
					"strict" : false
				},
				{
					"name" : "A[10]",
					"strict" : false
				},
				{
					"name" : "A[5]",
					"strict" : false
				},
				{
					"name" : "A[9]",
					"strict" : false
				},
				{
					"name" : "A[6]",
					"strict" : false
				},
				{
					"name" : "A[12]",
					"strict" : false
				},
				{
					"name" : "A[3]",
					"strict" : false
				},
				{
					"name" : "A[11]",
					"strict" : false
				},
				{
					"name" : "A[4]",
					"strict" : false
				},
				{
					"name" : "A[7]",
					"strict" : false
				},
				{
					"name" : "A[8]",
					"strict" : false
				},
				{
					"name" : "cnt[3]",
					"strict" : false
				}
			]
		}
	]
}