{
	"partitions" : [
		{
			"name" : "Top",
			"pins" : [
				{
					"name" : "F[0]",
					"strict" : false
				},
				{
					"name" : "F[1]",
					"strict" : false
				},
				{
					"name" : "F[2]",
					"strict" : false
				},
				{
					"name" : "F[3]",
					"strict" : false
				},
				{
					"name" : "A[1]",
					"strict" : false
				},
				{
					"name" : "en",
					"strict" : false
				},
				{
					"name" : "A[0]",
					"strict" : false
				},
				{
					"name" : "A[2]",
					"strict" : false
				},
				{
					"name" : "A[3]",
					"strict" : false
				},
				{
					"name" : "shift",
					"strict" : false
				},
				{
					"name" : "srin",
					"strict" : false
				}
			]
		}
	]
}