{
	"partitions" : [
		{
			"name" : "Top",
			"pins" : [
				{
					"name" : "y[0]",
					"strict" : false
				},
				{
					"name" : "y[1]",
					"strict" : false
				},
				{
					"name" : "y[2]",
					"strict" : false
				},
				{
					"name" : "y[3]",
					"strict" : false
				},
				{
					"name" : "y[4]",
					"strict" : false
				},
				{
					"name" : "y[5]",
					"strict" : false
				},
				{
					"name" : "y[6]",
					"strict" : false
				},
				{
					"name" : "y[7]",
					"strict" : false
				},
				{
					"name" : "y[8]",
					"strict" : false
				},
				{
					"name" : "y[9]",
					"strict" : false
				},
				{
					"name" : "y[10]",
					"strict" : false
				},
				{
					"name" : "y[11]",
					"strict" : false
				},
				{
					"name" : "y[12]",
					"strict" : false
				},
				{
					"name" : "y[13]",
					"strict" : false
				},
				{
					"name" : "y[14]",
					"strict" : false
				},
				{
					"name" : "y[15]",
					"strict" : false
				},
				{
					"name" : "w[1]",
					"strict" : false
				},
				{
					"name" : "w[2]",
					"strict" : false
				},
				{
					"name" : "w[3]",
					"strict" : false
				},
				{
					"name" : "w[0]",
					"strict" : false
				},
				{
					"name" : "en",
					"strict" : false
				}
			]
		}
	]
}