{
	"partitions" : [
		{
			"name" : "Top",
			"pins" : [
				{
					"name" : "z_GSE[0]",
					"strict" : false
				},
				{
					"name" : "z_GSE[1]",
					"strict" : false
				},
				{
					"name" : "z_GSE[2]",
					"strict" : false
				},
				{
					"name" : "x[31]",
					"strict" : false
				},
				{
					"name" : "x[30]",
					"strict" : false
				},
				{
					"name" : "y[30]",
					"strict" : false
				},
				{
					"name" : "y[31]",
					"strict" : false
				},
				{
					"name" : "x[29]",
					"strict" : false
				},
				{
					"name" : "x[28]",
					"strict" : false
				},
				{
					"name" : "y[28]",
					"strict" : false
				},
				{
					"name" : "y[29]",
					"strict" : false
				},
				{
					"name" : "x[27]",
					"strict" : false
				},
				{
					"name" : "x[26]",
					"strict" : false
				},
				{
					"name" : "y[26]",
					"strict" : false
				},
				{
					"name" : "y[27]",
					"strict" : false
				},
				{
					"name" : "x[25]",
					"strict" : false
				},
				{
					"name" : "x[24]",
					"strict" : false
				},
				{
					"name" : "y[24]",
					"strict" : false
				},
				{
					"name" : "y[25]",
					"strict" : false
				},
				{
					"name" : "x[23]",
					"strict" : false
				},
				{
					"name" : "x[22]",
					"strict" : false
				},
				{
					"name" : "y[22]",
					"strict" : false
				},
				{
					"name" : "y[23]",
					"strict" : false
				},
				{
					"name" : "x[21]",
					"strict" : false
				},
				{
					"name" : "x[20]",
					"strict" : false
				},
				{
					"name" : "y[20]",
					"strict" : false
				},
				{
					"name" : "y[21]",
					"strict" : false
				},
				{
					"name" : "x[19]",
					"strict" : false
				},
				{
					"name" : "x[18]",
					"strict" : false
				},
				{
					"name" : "y[18]",
					"strict" : false
				},
				{
					"name" : "y[19]",
					"strict" : false
				},
				{
					"name" : "x[17]",
					"strict" : false
				},
				{
					"name" : "x[16]",
					"strict" : false
				},
				{
					"name" : "y[16]",
					"strict" : false
				},
				{
					"name" : "y[17]",
					"strict" : false
				},
				{
					"name" : "x[15]",
					"strict" : false
				},
				{
					"name" : "x[14]",
					"strict" : false
				},
				{
					"name" : "y[14]",
					"strict" : false
				},
				{
					"name" : "y[15]",
					"strict" : false
				},
				{
					"name" : "x[13]",
					"strict" : false
				},
				{
					"name" : "x[12]",
					"strict" : false
				},
				{
					"name" : "y[12]",
					"strict" : false
				},
				{
					"name" : "y[13]",
					"strict" : false
				},
				{
					"name" : "x[11]",
					"strict" : false
				},
				{
					"name" : "x[10]",
					"strict" : false
				},
				{
					"name" : "y[10]",
					"strict" : false
				},
				{
					"name" : "y[11]",
					"strict" : false
				},
				{
					"name" : "x[9]",
					"strict" : false
				},
				{
					"name" : "x[8]",
					"strict" : false
				},
				{
					"name" : "y[8]",
					"strict" : false
				},
				{
					"name" : "y[9]",
					"strict" : false
				},
				{
					"name" : "x[7]",
					"strict" : false
				},
				{
					"name" : "x[6]",
					"strict" : false
				},
				{
					"name" : "y[6]",
					"strict" : false
				},
				{
					"name" : "y[7]",
					"strict" : false
				},
				{
					"name" : "x[5]",
					"strict" : false
				},
				{
					"name" : "x[4]",
					"strict" : false
				},
				{
					"name" : "y[4]",
					"strict" : false
				},
				{
					"name" : "y[5]",
					"strict" : false
				},
				{
					"name" : "x[3]",
					"strict" : false
				},
				{
					"name" : "x[2]",
					"strict" : false
				},
				{
					"name" : "y[2]",
					"strict" : false
				},
				{
					"name" : "y[3]",
					"strict" : false
				},
				{
					"name" : "x[1]",
					"strict" : false
				},
				{
					"name" : "x[0]",
					"strict" : false
				},
				{
					"name" : "y[0]",
					"strict" : false
				},
				{
					"name" : "y[1]",
					"strict" : false
				}
			]
		}
	]
}